name, orcid
Kevin Lacjak,
Florian G. Frick,0009-0005-3173-7683
Moutamen Gabir,
Reema A. Alsinan,
Thomas Jacobsen,
Mohammad Alrubaie,
Kayla M. Chizmar,
Benjamin P. Lau,0009-0004-1717-344X
Lizbeth Montoya Dominguez,
David Price ,
Dylan R. Butler,
Connor J. Biron,
Nikita Feoktistov,
Kai Dewey,0009-0001-6810-6376
N. E. Loomis,
Michal Bodzianowski,0009-0003-9909-9206
Connor Kuybus,
Henry Dietrick ,
Aubrey M. Wolfe,
Matt Guerrero,0000-0003-3879-0151
Jessica Vinson,
Peter Starbuck,
Shelby D Litton,
M. G. Beck,
Jean-Paul Fisch,0000-0001-6912-0906
Ayana West,
Alexis A. Muniz,
Luis Chavez,
Zachary T. Upthegrove,0000-0001-6904-1407
Brenton M. Runyon,
J. Salazar,
Jake E. Kritzberg,0000-0002-3962-0237
Tyler Murrel,
Ella Ho,0000-0002-9918-0923
Quintin Y. LaFemina,
Sara I. Elbashir ,
Ethan C. Chang,
Zachary A. Hudson,0000-0002-8405-0800
Rosemary O. Nussbaum,
Kellen Kennedy,
Kevin Kim,
Camila Villamil Arango,
Mohammed A. Albakr ,
Michael Rotter,
A. J. Garscadden ,
Antonio Salcido-Alc√°ntar JR,
Harrison M. Pearl,0000-0002-4317-9050
Tyler Stepaniak,0000-0003-2761-9877
Josie A. Marquez,
Lauren Marsh,
Jesse C Andringa ,
Austin Osogwin,
Amanda M. Shields,
Sarah Brookins ,
Grace K. Hach,
Alexis R. Clausi,
Emily B. Millican,
Alan A Jaimes,
Alaina S. Graham,
John J. Burritt,
J. S. Perez ,
Nathaniel Ramirez,0000-0001-8539-8588
Rohan Suri,
Michael S. Myer,
Zoe M. Kresek,0000-0002-4501-409X
C. A. Goldsberry,
Genevieve K. Payne,
Tara Jourabchi,
J. Hu,
Jeffrey Lucca,
Zitian Feng,
Connor B. Gilpatrick,
Ibraheem A. Khan,
Keenan Warble,
Joshua D. Sweeney,
Philip Dorricott,0000-0002-0133-5959
Ethan Meyer,0000-0002-1980-029X
Yash S. Kothamdi,0000-0002-5101-626X
Arman S. Sohail,
Kristyn Grell,
Aidan Floyd,
Titus Bard,
Randi M. Mathieson,
Joseph Reed,0000-0001-7058-680X
Alexis Cisneros ,
Matthew P. Payne,
J. R. Jarriel,
Jacqueline Rodriguez Mora,
M. E. Sundell ,
Kajal Patel,
Mohammad Alesmail,
Yousef A Alnasrallah,
Jumana T. Abdullah,
Luis Molina-Saenz,
K. E. Tayman,
Gabriel T. Brown,
Liana Kerr-Layton,0000-0003-2736-4042
Zachary D. Berriman-Rozen,
Quinn Hiatt,
Etash Kalra,0000-0003-1715-5626
Jason Ong,
Shreenija Vadayar,
Callie D. Shannahan,
Evan Benke,0000-0002-6822-5324
Jinhua zhang,
Jane Geisman,
Cara Martyr,0000-0002-9600-0245
Federico Ameijenda,
Ushmi H. Akruwala, 0000-0001-5217-5679
Molly Nehring,
Natalie Kissner,
Ian C. Rule,
Tyler Learned,
Alexandra N. Smith,
Liam Mazzotta,
Tyndall Rounsefell,0000-0002-2242-2357
Elizabeth A. Eyeson,
Arlee K. Shelby,0000-0002-2203-7811
Tyler S Moll,0000-0003-1380-6815
Riley Menke,
Hannan Shahba,
Tony A. House Jr.,
David B. Clark,
Annemarie C. Burns,
Tristan de La Beaujardiere,0000-0001-9614-5156
Emily D. Trautwein,
Will Plantz,
Justin Reeves,
Ian Faber,
B. W. Buxton,
Nigel Highhouse,0000-0002-7615-0887
Kalin Landrey,
Connor M Hansen,
Kevin Chen,0000-0002-8835-7279
Ryder Buchanan Hales,
Luke R. Borgerding,
Mutian Guo,
Christian J. Crow,
Lloyd C. Whittall,0000-0002-1632-3301
Conor Simmons,
Adeduni Folarin,0000-0002-7942-6703
Evan J. Parkinson,0000-0001-9829-8391
Anna L. Rahn,0000-0002-1360-9507
Olivia Blevins,0000-0002-8095-9080
Annalise M. Morelock,
Nicholas Kelly,
Nathan L. Parker,
Kelly Smith,
Audrey E. Plzak,
David Saeb,0000-0003-3332-7491
Cameron T. Hares ,0000-0003-4735-2292
Sasha R. Parker,
Andrew McCoy,0000-0002-1257-5579
Alexander V. Pham,
Megan Lauzon,
Cayla J. Kennedy,
Andrea B. Reyna,
Daniela M. Meza Acosta ,
Destiny J. Cool,
Sheen L. Steinbarth,
Patricia Mendoza-Anselmi,
Kaitlyn E. Plutt,
Isabel M Kipp,
M. Rakhmonova,
Cameron L. Brown,
Gabreece Van Anne,
Alexander P. Moss,
Olivia Golden,
Hunter B. Kirkpatrick,
Jake R. Colleran,
Brandon J Sullivan,
Kevin Tran,0000-0002-2579-8907
Michael Andrew Carpender,
Aria T. Mundy,0000-0003-0565-8453
Greta Koenig,
Jessica Oudakker,0000-0002-5799-4128
Rasce Engelhardt,
Nolan Ales,
Ethan Benjamin Wexler,0000-0003-4746-5473
Quinn I Beato,0000-0002-6745-1565
Lily Chen,
Brooke Cochran,
Paula Hill,
Sean R. Hamilton,0000-0002-3515-411X
Kyle Hashiro,
Usman Khan ,
Alexa M. Martinez,
Jennifer L. Brockman,
Macguire Mallory,
Charlie Reed,
Richard Terrile,
Savi Singh,
James Adam Watson,
Joshua B. Creany,0000-0002-4309-9894
Nicholas K. Price,
Aya M. Miften,0000-0002-9679-3724
Bryn Tran,
Margaret Kamenetskiy ,
Jose R. Martinez ,
Elena N. Opp,
Jianyang Huang,
Avery M. Fails,
Brennan J. Belei,
Ryan Slocum,
Justin Astalos,0000-0002-9217-6972
Andrew East,
Lena P. Nguyen,
Callie C Pherigo,
Andrew N. East,
David Y. Li,0000-0002-4450-8776
Maya LI Nelson,0000-0002-0411-1379
Nicole Taylor,
Anand Odbayar,
Anna Linnea Rives,0000-0002-8492-6008
Kabir P. Mathur,
Jacob Billingsley ,
Hyden Polikoff,
Michael Driscoll,
Orion K. Wilson,
Kyle Lahmers,0000-0001-5054-0054
Nathaniel J. Toon,0000-0002-7951-0016
Sam Lippincott,0000-0002-7596-1522
Andrew J. Musgrave,
Alannah H. Gregory,
Sedique Pitsuean-Meier,0000-0002-2186-3935
Trevor Jesse,
Corey Smith,
Ethan J. Miles,
Sabrina J. H. T. Kainz,
Soo Yeun Ji,
Lena Nguyen,
Maryam Aryan,
Alexis M. Dinser,
Jadon Shortman,
Catalina S Bastias,0000-0003-4089-1736
Thomas D Umbricht,
Breonna Cage,
Parker Randolph,
Matthew Pollard,0000-0002-5167-7201
Dylan M. Simone,0000-0003-1054-1110
Andrew Aramians,0000-0003-2785-8202
Ariana E. Brecl,
Amanda M. Robert,
Thomas Zenner,
Maxwell Saldi,
Gavin Morales,
Citlali Mendez,
Konner Syed,
Connor Maklain Vogel,
Rebecca A. Cone,0000-0002-5428-5983
Naomi Berhanu,0000-0002-5370-9684
Emily Carpenter,
Cecilia Leoni,
Samuel Bryan ,0000-0001-9973-4837
Nidhi Ramachandra,
Timothy Shaw,
E. C. Lee,
Eli Monyek,
Aidan B. Wegner,
Shajesh Sharma,0000-0001-9829-8631
Barrett Lister,
Jamison R. White,
John S. Willard,
S. A Sulaiman  ,0000-0003-3195-6200
Guillermo Blandon,0000-0001-8692-8544
Anoothi Narayan,0000-0002-9364-5320
Ryan Ruger,
Morgan A. Kelley,
Angel J. Moreno,
Leo M Balcer,
N. R. D. Ward-Chene,
Emma Shelby,0000-0002-9104-2999
Brian D. Reagan,
Toni Marsh,
Sucheta Sarkar,
Michael P. Kelley,0000-0002-5571-1075
Kevin Fell,
Sahana Balaji ,
Annalise K. Hildebrand,
Dominick Shoha,0000-0002-5966-9142
Kshmya Nandu,
Julia Tucker,
Alejandro R. Cancio,
Jiawei Wang,
Sarah Grace Rapaport,
Aimee S. Maravi,
Victoria A. Mayer,
Andrew Miller,
Caden Bence,
Emily Koke,
John T Fauntleroy,0000-0003-2573-8610
Timothy Doermer,
Adel Al-Ghazwi,0000-0002-5302-2073
Remy Morgan,
Mohammed S. Alahmed,0000-0003-1389-2207
Adam Izz Khan Mohd Reduan Mathavan,
H. K. Silvester,0000-0001-7411-0649
Amanda M. Weiner,0000-0002-4607-8570
Nianzi Liu,
Taro Iovan,
Alexander V. Jensen,
Yazeed A. AlHarbi,
Yufan Jiang,
Jiaqi Zhang,0000-0002-2331-9925
Olivia M. Jones,
Chenqi Huang,
Eileen N. Reh,
Dania Alhamli,0000-0001-5373-6204
Joshua Pettine,
Chongrui Zhou,0000-0003-3612-3144
Dylan Kriegman,0000-0001-6307-278X
Jianing Yang,
Kevin Ash,
Carl Savage,
Emily Kaiser,
Dakota N. Augenstein,
Jacqueline Padilla,
Ethan K. Stark,
Joshua A. Hansen,
Thomas Kokes,
Leslie Huynh ,
Gustavo Sanchez-Sanchez,
Luke A. Jeseritz,
Emma L. Carillion,
Aditya V. Vepa,0000-0003-1564-213X
Sapriya Khanal,
Braden Behr,
Logan S. Martin ,
Jesse J. McMullan,
Tianwei Zhao,0000-0003-1331-6760
Abigail K. Williams,0000-0002-0034-639X
Emeen Alqabani,
Gale H. Prinster,0000-0002-7018-8657
Linda Horne,
Kendall Ruggles-Delgado,
Grant Otto,
Angel R. Gomez ,
Leonardo Nguyen,0000-0003-0347-2786
Preston J. Brumley,0000-0003-2864-2833
Nancy Ortiz Venegas,
Ilian Varela ,
Jordi Brownlow,
Avril Cruz,
Linzhi Leiker,
Jasleen Batra,
Abigail P. Hutabarat,
Dario Nunes-Valdes,0000-0002-1206-8147
Connor Jameson,
Abdulaziz Naqi,
Dante Q. Adams,
Blaine B. Biediger,
William T Borelli,
Nicholas A. Cisne,0000-0003-3717-041X
Nathaniel A. Collins,
Tyler L. Curnow,
Sean Gopalakrishnan,
Nicholas F. Griffin,0000-0002-6622-2410 
Emanuel Herrera ,
Meaghan V. McGarvey,
Sarah Mellett,
Igor Overchuk,
Nathan Shaver,
Cooper N. Stratmeyer,
Marcus T. Vess,
Parker Juels,
Saleh A. Alyami,
Skylar Gale,0000-0003-4503-6237
Steven P. Wallace,
Samuel C Hunter,
Mia C. Lonergan,0000-0002-5760-7044
Trey Stewart,
Tiffany E. Maksimuk,
Antonia Lam,
Judah Tressler ,
Elena R. Napoletano,
Joshua B. Miller,
Marc G. Roy,0000-0002-4112-3360
Jasey Chanders,
Emmalee Fischer,
A. J. Croteau,0000-0002-9116-7986
Nicolas A. Kuiper,
Alex Hoffman,0000-0002-5454-093X
Elyse DeBarros,0000-0002-1839-6440
Riley T. Curry,
A. Brzostowicz,
Jonas Courtney,
Tiannie Zhao,
Emi Szabo,
Bandar Abu Ghaith,
Colin Slyne,
Lily Beck,
Oliver Quinonez,0000-0003-4871-5905
Sarah Collins,
Claire A. Madonna,
Cora Morency,
Mallory Palizzi,
Tim Herwig,0000-0001-7993-5084
Jacob N. Beauprez,0000-0002-9657-5583
Dorsa Ghiassi ,
Caroline R. Doran,
Zhanchao Yang,
Hannah M. Padgette,0000-0002-8270-1673
Cyrus A. Dicken,
Bryce W. Austin,
Ethan J. Phalen,0000-0003-2227-1453
Catherine Xiao,0000-0002-0435-7141
Adler Palos,
Phillip Gerhardstein,
Ava L. Altenbern,
Dan Orbidan,0000-0002-9194-6306
Jackson A. Dorr,
Guillermo A. Rivas,
Calvin A Ewing,0000-0003-4090-2896
B. C. Giebner ,
Kelleen McEntee,
Emily R. Kite,
K. A. Crocker,
Mark S. Haley,
Adrienne R. Lezak,
Ella McQuaid,
Jacob Jeong,0000-0002-9864-8408
Jonathan Albaum,
E. M. Hrudka ,
Owen T. Mulcahy ,
Nolan C. Tanguma,
Sean Oishi-Holder,
Zachary White,
Ryan W. Coe,
Christine Boyer,
Mitchell G. Chapman,
Elise Fortino,
Jose A. Salgado,0000-0001-9711-6066
Tim Hellweg,
Hazelia K. Martinez,
Alexander J. Mitchell ,
Stephanie H. Schubert,0000-0001-6262-2452
Grace K Schumacher,0000-0002-1323-2236
Corey D Tesdahl,
C. H. Uphoff,
Alexandr Vassilyev,
Briahn Witkoff,
Jackson R. Wolle,
Kenzie A. Dice,
Timothy A. Behrer,
Troy Bowen,
Andrew J Campbell,0000-0002-9713-574X
Peter C Clarkson,
Tien Q. Duong,
Elijah Hawat,0000-0001-5524-9741
Christian Lopez,
Nathaniel P. Olson,
Matthew Osborn,0000-0002-0202-4327
Munisettha E. Peou,0000-0003-1444-9231
Nicholas J. Vaver,
Troy Husted,0000-0001-9324-188X
Nicolas Ian Kallemeyn,
Ava A Spangler,
Kyle Mccurry,
Courtney Schultze,
Thomas Troisi,
Daniel Thomas,
Althea E. Ort,0000-0002-4626-7523
Maya A. Singh,0000-0002-2025-5356
Caitlin Soon,
Catherine Patton,
Jayce A. Billman,
Sam Jarvis,
Travis Hitt,
Mirna Masri,
Yusef J. Albalushi ,0000-0003-4688-449X
Matthew J Schofer,0000-0001-5993-0550
Katherine B. Linnane,0000-0003-3960-6264
Philip Whiting Knott,0000-0001-5725-3648
Whitney Valencia,
Brian A. Arias-Robles,
Diana Ryder,
Anna Simone,
Jonathan M. Abrams,
Annelene L. Belknap,
Charlotte Rouse,0000-0001-8444-8352
Alexander Reynolds,
Romeo S.L. Petric,
Angel A. Gomez ,
Jonah B. Meiselman-Ashen,
Luke Carey,
John S. Dias,
Jules Fischer-White,
Aidan E. Forbes,
Gabriela Galarraga,
Forrest Kennedy,
Rian Lawlor,
Maxwell J. Murphy,0000-0002-2682-2147
Cooper Norris,
Josh Quarderer,
Caroline Waller,
Robert J. Weber,
Nicole Gunderson,0000-0003-1572-0273
Tom Boyne,
Joshua A. Gregory,0000-0002-4368-1171
Henry Austin Propper,
Charles B. Beck von Peccoz,
Donovan Branch,
Evelyn Clarke,0000-0001-9609-2808
Libby Cutler,
Frederick M. Dabberdt,
Swagatam Das,
John Alfred D. Figueirinhas,
Benjamin L. Fougere,
Zoe A. Roy,
Noah Y. Zhao,
Corben L. Cox,
Logan D. W. Barnhart,
Wilmsen B. Craig,
Hayden Moll,
Kyle Pohle,
Alexander Mueller,
Elena K. Smith,0000-0003-0531-8782
Benjamin C. Spicer,
Matthew C. Aycock,
Batchimeg Bat-Ulzii,
Madalyn C. Murphy,
Abdullah Altokhais,
Noah R. Thornally,0000-0001-9647-9818
Olivia R. Kleinhaus,0000-0002-0388-8936
Darian Sarfaraz,
Grant M. Barnes,0000-0001-8678-1212
Sara Beard,
David J Banda,
Emma A. B. Davis,0000-0002-2796-4331
Tyler J. Huebsch,
Michaela Wagoner,
Justus Griego,
Jack J. Mc Hale,
Trevor J. Porter,0000-0001-8699-6918
Riley Abrashoff,
Denise M. Phan,
Samantha M. Smith,
Ashish Srivastava,0000-0003-2654-9694
Jared A. W. Schlenker,
Kasey O. Madsen,
Anna E. Hirschmann,
Frederick C Rankin,
Zainab A. Akbar,
Ethan Blouin,
Aislinn Coleman-Plante,
Evan Hintsa,
Emily Lookhoff,
Hamzi Amer,
Tianyue Deng,
Peter Dvorak,
Josh Minimo,
William C. Plummer,
Kelly Ton,
Lincoln Solt,
Batool H. AlAbbas,
Areej A. AlAwadhi,
Nicholas M. Cooper, 
Jessica  S Corbitt,
Christian Dunlap,
Owen Johnson,0000-0003-1407-1435
Ryan A. Malone,
Yesica Tellez,
Logan Wallace,
Michael-Tan D. Ta,
Nicola H. Wheeler,
Ariana C. Ramirez,0000-0002-1392-5657
Shancheng Huang,0000-0002-6725-7164
Amar Mehidic,
Katherine E Christiansen,
Om Desai,
Emerson N. Domke,
Noah H. Howell,
Martin Allsbrook,
Teeb Alnaji ,
Colin England,
Nathan Siles,
Nicholas David Burton,
Zoe Cruse,0000-0002-2371-3375
Dalton Gilmartin,
Brian T. Kim,
Elsie Hattendorf,
Maryam Buhamad,
Lily Gayou,
Kasper Seglem,
Tameem Alkhezzi,0000-0002-2071-2609
Imari R. Hicks,
Ryann Fife,
Lily M. Pelster,
Alexander Fix,0000-0003-4444-0115
Sohan N. Sur,0000-0002-3286-5389
Joshua K. Truong,0000-0001-7381-3406
Bartlomiej Kubiak,
Matthew Bondar,0000-0002-7089-464X
Kyle Z. Shi,0000-0002-5719-5924
Julia Johnston,
Andres B. Acevedo,0000-0002-9511-8794
Junwon Lee,
William J. Solorio,0000-0003-2046-1392
Braedon Y. Johnston,
Tyler McCormick,0000-0002-6979-641X
Nicholas Olguin,
Paige J. Pastor,
Evan M. Wilson,0000-0002-9600-3630
Benjamin L. Trunko,
Chris Sjoroos,
Kalvyn N Adams,
Aislyn Bell,0000-0003-1946-4852
Grant Brumage-Heller,
Braden P. Canales,
Bradyn Chiles,
Kailer H. Driscoll,
Hallie Hill,
Samuel A. Isert,
Marilyn Ketterer,0000-0002-8671-3751
Matthew M. Kim,
William J. Mewhirter,
Lance Phillips,
Krista Phommatha,
Megan S. Quinn,
Brooklyn J. Reddy,
Matthew Rippel,
Bowman Russell,
Sajan Williams,
Andrew M. Pixley,0000-0003-2312-5597
Keala C. Gapin,
B. Peterson,
Collin Ruprecht,
Isabelle Hardie,
Isaac Li,
Abbey Erickson,
Clint Gersabeck,
Mariam Gopalani,
Nasser Allanqawi,
Taylor Burton,
Jackson R. Cahn,
Reese Conti,0000-0002-3806-1808
Oliver S. White,
Stewart Rojec,0000-0002-0776-1174
Blake A. Hogen,0000-0002-5274-4461
Jason R. Swartz,
R. Dick,
Lexi Battist,
Gabrielle M. Dunn,
Rachel Gasser,
Timothy W. Logan,0000-0002-6416-7147
Madeline Sinkovic,
Marcus T. Schaller,
Danielle A. Heintz ,
Andrew Enrich,
Ethan S. Sanchez,
Freddy Perez,
Fernando Flores,
Shaun D. Kapla,
Michael C. Shockley,
Justin Phillips,
Madigan Rumley,0000-0002-8021-7562
Johnston Daboub,
Brennan J. Karsh,
Bridget Linders,
Sam Chen,
Helen C. Do,
Abhinav Avula,0000-0001-7524-4331
James M. French ,
Chrisanna Bertuccio,0000-0002-1357-237X
Tyler Hand,
Adrianna J. Lee,
Brenna K Neeland,0000-0003-1206-3757
Violeta Salazar,
Carter Andrew,
Abby Barmore,
Thomas Beatty,
Nicholas Alonzi,
Ryan Brown,
Olivia M. Chandler,
Curran Collier,
Hayden Current,
Megan E. Delasantos,
Alberto Espinosa de los Monteros Bonilla,0000-0002-9218-3646
Alexandra A. Fowler,0000-0002-3130-3579
Julianne R. Geneser,
Eleanor Gentry,
E. R. Gustavsson,
Jonathan Hansson,
Tony Yunfei Hao,0000-0003-1706-7685
Robert N. Herrington,0000-0002-0855-7757
James Kelly,
Teagan Kelly,0000-0003-0767-1264
Abigail Kennedy,
Mathew J. Marquez,
Stella Meillon,0009-0001-1469-7625
Madeleine L. Palmgren,
Anneliese Pesce,
Anurag Ranjan,0000-0001-7097-2831
Samuel M. Robertson,
Percy Smith,
Trevor J Smith,
Daniel A. Soby,
Grant L. Stratton,
Quinn N. Thielmann,
Malena C.Toups,
Jenna S. Veta,
Trenton J. Young,
Blake Maly,0000-0003-1999-3682
Xander R. Manzanares,
Joshua Beijer ,
Jacob D. George,0000-0003-0929-7421
Dylan P. Mills,
Josh J Ziebold,
Paige Chambers,
Michael Montoya,
Nathan M.Cheang,
Hunter J. Anderson,
Sheridan J. Duncan,
Lauren Ehrlich,0000-0003-3861-2419
Nathan C. Hudson,
Jack L. Kiechlin,
Will Koch,
Justin Lee,
Dominic Menassa,
S. H. Oakes,
Audrey J. Petersen,
J. R. Ramirez Bunsow,0000-0002-8425-2189
Joshua Bay,
Sacha Ramirez,
Logan D. Fenwick,
Aidan P. Boyle,0000-0002-3088-6979
Lea Pearl Hibbard,
Calder Haubrich,
Daniel P. Sherry,
Josh Jenkins,
Sebastian Furney,0000-0001-6265-2408
Anjali A. Velamala,
Davis J. Krueger,
William N. Thompson,0000-0003-4603-4647
Jenisha Chhetri,
Alexis Ying-Shan Lee,
Mia G. V. Ray ,
John C. Recchia,0000-0003-4349-9246
Dylan Lengerich,
Kyle Taulman,0000-0002-2440-6422
Andres C. Romero,
Ellie N. Steward,
Sloan Russell,
Dillon F. Hardwick,
Katelynn Wootten,
Valerie A. Nguyen,0000-0002-0476-4505
Devon Quispe,0000-0003-3221-4567
Cameron Ragsdale,
Isabel Young,
N. S. Atchley-Rivers,
Jordin L. Stribling,
Julia G Gentile,
Taylor A. Boeyink,
Daniel Kwiatkowski,
Tomi Oshima Dupeyron,0000-0001-5192-2468
Anastasia Crews,
Mitchell Shuttleworth,
Danielle C. Dresdner,0000-0002-4778-0409
Lydia Flackett,
Nicholas Haratsaris,
Morgan I Linger,
Jay H. Misener,0000-0003-2225-1778
Samuel Patti,
Tawanchai P. Pine,
Nasreen Marikar,
Giorgio Matessi,0000-0002-8076-3870
Allie C. Routledge,
Suhail Alkaabi,
Jessica L. Bartman,
Gabrielle E. Bisacca,
Celeste Busch,
Bree Edwards,
Caitlyn Staudenmier,
Travis Starling,
Caden McVey,
Maximus Montano,0000-0003-0586-4804
Charles J. Contizano,
Eleanor Taylor,
James K. McIntyre,0000-0002-9876-5401
Andrew Victory,
Glen S. McCammon,
Aspen Kimlicko,
Tucker Sheldrake,
Grace Shelchuk,
Ferin J. Von Reich , 0000-0002-3411-2241 
Andrew J. Hicks,
Ian O'neill,
Beth Rossman,
Liam C. Taylor,0000-0002-9173-8195
William MacDonald,
Simone E. Becker,
Soonhee Han,
Cian O'Sullivan,
Isaac Wilcove,
David J. Brennan,
Luke C. Hanley,0000-0003-2174-5098
Owen Hull,
Timothy R. Wilson,
Madison H. Kalmus,
Owen A. Berv,
Logan Swous Harris,
Chris H Doan,
Nathan Londres,
Anish Parulekar,
Megan M. Adam,
Abigail Angwin,
Carter C. Cabbage,
Zachary Colleran,
Alex Pietras,0000-0001-6691-9368
Octave Seux,
Ryan Oros,
Blake C. Wilkinson,
Khoa D Nguyen,
Maedee Trank-Greene,
Kevin M. Barone,0000-0001-9885-7085
G. L. Snyder,
Samuel J Biehle,0000-0001-9316-2495
Brennen Billig,
Justin Thomas Almquist,
Alyssa M. Dixon,0000-0002-2186-0291
Benjamin Erickson,
Nathan Evans,
SL Genne,0000-0002-0269-294X
Christopher M Kelly,
Serafima M. Marcus,
Caleb Ogle,
Akhil Patel,
Evan Vendetti,
Olivia Courtney,0000-0003-4167-3669
Sean Deel,
Leonardo Del Foco,
Michael Gjini,
Jessica Haines ,0000-0002-6051-958X
Isabelle J. Hoff,
M. R. Jones,
Dominic Killian,
Kirsten Kuehl,
Chrisanne Kuester,0000-0002-1976-3935
Maxwell B. Lantz,0000-0002-0326-7320
Christian J Lee,
Graham Mauer,0000-0003-1323-3164
Finbar K. McKemey,
Sarah J. Millican,
Ryan Rosasco,
T. C. Stewart,
Eleanor VanEtten,
Zachary Derwin,
Lauren Serio,
Molly G. Sickler,
Cassidy A. Blake,
Neil S. Patel,
Margaret Fox,0000-0002-9479-9292
Michael J Gray,
Lucas J. Ziegler,
Aman Priyadarshi Kumar,0000-0001-6673-6000
Madelyn Polly,
Sarah Mesgina,
Zane McMorris,
Kyle J. Griffin,0000-0002-6073-9451
L. N. Haile,
Claire Bassel,
Thomas J. Dixon,0000-0002-7110-702X
Ryan Beattie,
Timothy J Houck,
Maeve Rodgers,0000-0001-8165-4249
Tyson R. Trofino,
Dax Lukianow,
Korben Smart,
Jacqueline L. Hall,
Lauren Bone,
James O. Baldwin,0000-0002-3498-9086
Connor Doane,
Yousef A. Almohsen,
Emily Stamos,0000-0001-9867-2822
Iker Acha,0000-0001-7033-4477
Jake Kim,
Antonio E. Samour II,0000-0001-8668-4527
S. Chavali,0000-0001-9615-7181
Jeerakit Kanokthippayakun,0000-0002-7326-3907
Nicholas Gotlib,
Ryan  C. Murphy ,0000-0002-6672-3223
Jack. W. Archibald,
Alexander J Brimhall,
Aidan Boyer,
Logan T. Chapman,
Shivank Chadda,0000-0002-0811-6644
Lisa Sibrell,
Mia M. Vallery ,
Thomas C. Conroy,
Luke J. Pan,
Brian Balajonda,
Bethany E. S. Fuhrman,0000-0002-9539-7287
Mohamed Alkubaisi,
Jacob Engelstad,0000-0002-0722-3368
Joshua Dodrill,0000-0001-5984-6500
Calvin R. Fuchs,
Gigi Bullard-Connor,
Isehaq Alhuseini,0000-0001-8257-9746
James C. Zygmunt,
Leo Sipowicz,0000-0001-8800-9066
Griffin A. Hayrynen,
Riley M. McGill,
Caden J. Keating,
Omer Hart,
Aidan St. Cyr,
Christopher H. Steinsberger,
Gerig Thoman,
Travis M. Wood,
Julia A. Ingram,
J. Dominguez,
Nathaniel James Georgiades,
Matthew Johnson,
Sawyer Johnson,
Alexander J. Pedersen,
Anoush K Ralapanawe,
Jeffrey J. Thomas,
Ginn A. Sato,
Hope Reynolds,0000-0002-2605-1215
Liebe Nasser,
Alexander Z. Mizzi,
Olivia Damgaard,0000-0001-9994-9141
Abdulrahman  A. Baflah,0000-0002-1360-8432
Steven Y. Liu,0000-0002-6199-0453
Adam D. Salindeho,
Kelso Norden,
Emily E. Gearhart ,
Zack Krajnak,0000-0002-9729-8952
Philip Szeremeta,0000-0003-4123-3153
Meggan Amos,0000-0003-3167-545X
Kyungeun Shin,
Brandon A. Muckenthaler,
Melissa Medialdea,
Simone Beach,0000-0003-2971-128X
Connor B. Wilson,
Elena R Adams ,0000-0002-8013-1259
Ahmed Aldhamen,
Coyle M. Harris,
Troy M. Hesse,
Nathan T. Golding,
Zachary Larter,
Angel Hernandez,0000-0003-2548-6150
Genaro Morales,
Robert B. Traxler,
Meshal Alosaimi,0000-0002-9955-7970
Aidan F. Fitton,
James Holland Aaron,
Nathaniel F. Lee,
Ryan Z. Liao,
Judy Chen,0000-0001-5423-2980
Katherine V. French,0000-0002-2415-1263
Justin Loring,0000-0001-5415-3107
Aurora Colter,0000-0001-7481-8460
Rowan McConvey,
Michael Colozzi,0000-0003-3427-9356
John D. Vann,0000-0002-6283-8314
Benjamin T. Scheck,0000-0002-1817-9390
Anthony A Weigand,0000-0001-8446-3296
Abdulelah Alhabeeb,0000-0003-2184-1514
Yolande Idoine,
Aiden L. Woodard,
Mateo M. Medellin,
Nicholas O Ratajczyk,
Darien P. Tobin,
Jack C. Collins ,0000-0001-5878-1557